Feature,Importance
pressure,0.39078157947648023
vibration,0.3607136942786446
temperature,0.2013607553004507
current,0.0471439709444245
