Feature,Coefficient
vibration,6.475486364624589
pressure,-0.2917534083943574
temperature,0.19877712415316293
current,-0.08058166210521872
