Feature,Importance
vibration,0.4369892366513688
temperature,0.2612503952295042
pressure,0.25212417466347126
current,0.04963619345565574
